Faithfulness Correlation,Robustness Local Lipschitz,Complexity Sparseness,Complexity Entropy,Robustness Max Sensitivity,Axiomatic Completeness,Model
,,,,,,BayesianResNet
,10.645941257476807,0.7854709101096604,8.646098,0.9543445408344269,,BayesianResNet
,5.771867847442627,0.7772166849052257,8.685185,1.0111608028411865,,BayesianResNet
,6.729269170761109,0.7769173903482244,8.682398,1.0804164052009582,,BayesianResNet
,6.906337261199951,0.7772905732627062,8.685389,1.083225178718567,,BayesianResNet
,6.800930500030518,0.7771407011607105,8.685073,0.9640337109565735,0.0,BayesianResNet
,6.389282512664795,0.7766849591509274,8.685039,1.080855417251587,0.0,BayesianResNet
,6.232737445831299,0.776761803398882,8.684374,0.9949979305267334,0.0,BayesianResNet
,7.472840023040772,0.7772216728811407,8.685038,1.0552638530731202,0.0,BayesianResNet
